polymer,docking,generative,informatics,md,ml,molecular_modelling,none,qc,qsar,solubility,statistical_doe
alginate,2,0,0,22,14,0,6,11,0,0,0
cellulose,9,0,1,64,16,0,17,38,0,10,0
chitin,1,0,0,3,0,0,0,1,0,0,0
chitosan,28,0,0,45,29,0,22,55,3,1,0
lignin,2,1,0,24,15,1,7,24,2,7,0
none,0,0,0,0,0,0,0,0,0,1,0
nucleic_acid,0,1,0,28,1,0,0,3,0,0,0
other,6,5,2,133,143,5,91,59,10,13,2
other_polysaccharide,20,0,0,99,88,1,52,61,2,5,1
pectin,2,0,0,8,3,0,1,6,0,1,0
pha,11,2,0,18,37,2,7,4,3,4,0
pla,4,1,0,39,42,1,12,10,1,17,1
protein,15,0,0,93,33,1,15,14,2,4,0
starch,2,0,0,13,21,1,9,9,2,0,0
