corpus,country,credited_by_openalex,lost_to_no_match,loss_pct
core_colombia,CL,26,13,33.3
core_colombia,MX,46,4,8.0
core_colombia,EC,5,1,16.7
core_colombia,AR,10,1,9.1
core_colombia,UY,1,0,0.0
core_colombia,BR,42,0,0.0
core_colombia,CR,2,0,0.0
core_colombia,VE,1,0,0.0
core_colombia,PE,10,0,0.0
core_colombia,NI,1,0,0.0
core_colombia,CU,1,0,0.0
core_colombia,CO,539,0,0.0
core_latam,BR,3993,19,0.5
core_latam,CL,476,14,2.9
core_latam,MX,1405,11,0.8
core_latam,CO,539,8,1.5
core_latam,EC,191,8,4.0
core_latam,VE,52,6,10.3
core_latam,AR,724,6,0.8
core_latam,BO,8,3,27.3
core_latam,UY,40,3,7.0
core_latam,PE,153,3,1.9
core_latam,CR,46,1,2.1
core_latam,GT,0,1,100.0
core_latam,CU,58,1,1.7
core_latam,SV,3,0,0.0
core_latam,DO,3,0,0.0
core_latam,NI,2,0,0.0
core_latam,HN,10,0,0.0
core_latam,PA,4,0,0.0
core_latam,PY,9,0,0.0
core_latam,PR,36,0,0.0
methods_world,MX,50,12,19.4
methods_world,BR,77,2,2.5
methods_world,PE,12,1,7.7
methods_world,CU,9,1,10.0
methods_world,UY,3,0,0.0
methods_world,EC,13,0,0.0
methods_world,CL,17,0,0.0
methods_world,VE,2,0,0.0
methods_world,CO,17,0,0.0
methods_world,AR,11,0,0.0
