year,world_pct,ibero_pct,latam_pct,colombia_pct
1990,1.26,0.0,0.0,
1991,3.38,0.0,0.0,0.0
1992,3.43,0.0,0.0,
1993,2.25,0.0,0.0,
1994,1.36,0.0,0.0,
1995,1.8,0.0,0.0,
1996,2.15,8.0,0.0,
1997,1.02,5.56,0.0,
1998,1.68,0.0,0.0,
1999,2.13,4.65,0.0,
2000,2.22,1.89,2.86,
2001,1.89,2.33,0.0,
2002,1.91,2.33,0.0,
2003,2.05,0.0,0.0,
2004,1.78,4.05,4.26,
2005,2.86,5.43,7.41,
2006,2.81,2.48,4.76,0.0
2007,2.68,3.51,4.08,0.0
2008,1.89,1.74,1.22,0.0
2009,3.16,4.28,2.73,0.0
2010,2.27,1.33,2.83,0.0
2011,1.5,1.53,2.6,0.0
2012,1.53,1.03,1.32,0.0
2013,1.61,1.28,2.34,0.0
2014,1.56,1.88,2.35,6.67
2015,1.75,2.18,1.23,0.0
2016,1.68,1.81,2.83,9.09
2017,1.59,0.72,0.3,0.0
2018,1.8,1.81,1.33,0.0
2019,2.14,1.65,1.41,5.71
2020,2.13,1.92,2.11,0.0
2021,2.38,1.73,1.59,1.43
2022,2.31,1.56,1.86,0.0
2023,2.65,2.24,2.06,0.0
2024,3.36,2.42,2.7,4.84
2025,4.38,3.84,4.07,1.83
