corpus,english_only,combined,added,added_pct
core_world,145743,150122,4379,3.0
core_ibero,13095,14411,1316,10.05
core_latam,8162,9416,1254,15.36
core_colombia,598,755,157,26.25
methods_world,3947,3960,13,0.33
methods_ibero,327,330,3,0.92
methods_latam,211,214,3,1.42
methods_colombia,17,17,0,0.0
anchor_cellulose_world,378840,392424,13584,3.59
anchor_cellulose_latam,14683,18641,3958,26.96
anchor_cellulose_colombia,902,1183,281,31.15
anchor_pha_world,22378,23213,835,3.73
anchor_pha_latam,1444,1643,199,13.78
anchor_pha_colombia,88,118,30,34.09
anchor_lignin_world,181260,186341,5081,2.8
anchor_lignin_latam,11534,13225,1691,14.66
anchor_lignin_colombia,811,956,145,17.88
