key,key_display_name,count,code
https://openalex.org/T10661,biodegradable polymer synthesis and properties,15381,T10661
https://openalex.org/T10488,Nanocomposite Films for Food Packaging,7824,T10488
https://openalex.org/T10729,Electrospun Nanofibers in Biomedical Applications,3792,T10729
https://openalex.org/T10610,Advanced Cellulose Research Studies,3663,T10610
https://openalex.org/T10059,Bone Tissue Engineering Materials,3137,T10059
https://openalex.org/T10753,Microplastics and Plastic Pollution,2992,T10753
https://openalex.org/T10343,"Hydrogels: synthesis, properties, applications",2161,T10343
https://openalex.org/T11208,Lignin and Wood Chemistry,2110,T11208
https://openalex.org/T10513,Natural Fiber Reinforced Composites,2087,T10513
https://openalex.org/T12192,Polysaccharides Composition and Applications,2087,T12192
https://openalex.org/T10920,Advanced Drug Delivery Systems,2069,T10920
https://openalex.org/T10411,Proteins in Food Systems,1710,T10411
https://openalex.org/T10016,Adsorption and biosorption for pollutant removal,1693,T10016
https://openalex.org/T10063,Nanoparticle-Based Drug Delivery,1649,T10063
https://openalex.org/T10193,Coronary Interventions and Diagnostics,1542,T10193
https://openalex.org/T11966,Silk-based biomaterials and applications,1538,T11966
https://openalex.org/T11190,3D Printing in Biomedical Research,1362,T11190
https://openalex.org/T10171,Biofuel production and bioconversion,1245,T10171
https://openalex.org/T10783,Additive Manufacturing and 3D Printing Technologies,1237,T10783
https://openalex.org/T10771,Wound Healing and Treatments,1176,T10771
https://openalex.org/T10079,Nanoparticles: synthesis and applications,987,T10079
https://openalex.org/T10338,Advanced Sensor and Energy Harvesting Materials,971,T10338
https://openalex.org/T10197,Membrane Separation Technologies,934,T10197
https://openalex.org/T10256,Drug Solubulity and Delivery Systems,918,T10256
https://openalex.org/T10476,Algal biology and biofuel production,907,T10476
https://openalex.org/T10725,RNA Interference and Gene Delivery,890,T10725
https://openalex.org/T10869,Polysaccharides and Plant Cell Walls,874,T10869
https://openalex.org/T10140,Food composition and properties,869,T10140
https://openalex.org/T10859,Polymer Surface Interaction Studies,833,T10859
https://openalex.org/T12085,Collagen: Extraction and Characterization,802,T12085
