journal,works,cumulative,cumulative_pct,zone
Polymers,38,38,6.9,1 core
Elsevier eBooks,20,58,10.6,1 core
Molecules,18,76,13.9,1 core
Sustainability,12,88,16.1,1 core
SSRN Electronic Journal,12,100,18.2,1 core
International Journal of Biological Macromolecules,11,111,20.3,1 core
Journal of Physics Conference Series,7,118,21.5,1 core
Research Square,7,125,22.8,1 core
Ingeniería e Investigación,6,131,23.9,1 core
Dialnet (Universidad de la Rioja),6,137,25.0,1 core
Processes,6,143,26.1,1 core
Preprints.org,5,148,27.0,1 core
Heliyon,5,153,27.9,1 core
Journal of Applied Polymer Science,5,158,28.8,1 core
Journal of Composites Science,5,163,29.7,1 core
Journal of Cleaner Production,4,167,30.5,1 core
Carbohydrate Polymers,4,171,31.2,1 core
Journal of Polymers and the Environment,4,175,31.9,1 core
Journal of Science with Technological Applications,4,179,32.7,1 core
Biotecnología en el Sector Agropecuario y Agroindustrial,4,183,33.4,2
Foods,4,187,34.1,2
Cellulose,4,191,34.9,2
Frontiers in Bioengineering and Biotechnology,4,195,35.6,2
Revista Vitae,4,199,36.3,2
Magazine Portal Bibliotech Digital (Universidad Nacional de Colombia),4,203,37.0,2
Water,4,207,37.8,2
Journal of environmental chemical engineering,3,210,38.3,2
MRS Advances,3,213,38.9,2
Journal of Drug Delivery Science and Technology,3,216,39.4,2
Applied Sciences,3,219,40.0,2
Nanomaterials,3,222,40.5,2
Industrial Crops and Products,3,225,41.1,2
TecnoLógicas,3,228,41.6,2
Journal of Chemical Technology & Biotechnology,3,231,42.2,2
DYNA,3,234,42.7,2
CT&F - Ciencia Tecnología y Futuro,3,237,43.2,2
Revista Colombiana de Biotecnología,3,240,43.8,2
Reactive and Functional Polymers,3,243,44.3,2
"Synthesis lectures on engineering, science, and technology",3,246,44.9,2
Membranes,2,248,45.3,2
