id,doi,year,title,materials,polymer,method,experimental,confidence,error
https://openalex.org/W2946384500,https://doi.org/10.1039/c9ra00986h,2019,Triazole-modified chitosan: a biomacromolecule as a new environmentally benign corrosion inhibitor for carbon steel in a hydrochloric acid solution,True,chitosan,qc,True,high,
https://openalex.org/W2891679365,https://doi.org/10.1002/wcms.1392,2018,Electronic energy transfer in biomacromolecules,False,none,qc,False,high,
https://openalex.org/W2801405255,https://doi.org/10.3389/fchem.2018.00188,2018,Quantum Chemical Approaches in Structure-Based Virtual Screening and Lead Optimization,False,none,qc,False,high,
https://openalex.org/W3029196983,https://doi.org/10.1016/j.molliq.2020.113479,2020,"In silico investigations of alginate biopolymer on the Fe (110), Cu (111), Al (111) and Sn (001) surfaces in acidic media: Quantum chemical and molecular mechanic calculations",True,alginate,qc,False,high,
https://openalex.org/W2999049937,https://doi.org/10.1021/acs.energyfuels.9b03703,2020,Preaggregation of Asphaltenes in the Presence of Natural Polymers by Molecular Dynamics Simulation,True,other,md,False,medium,
https://openalex.org/W1971075690,https://doi.org/10.1016/j.polymer.2004.03.071,2004,Stochastic molecular descriptors for polymers. 1. Modelling the properties of icosahedral viruses with 3D-Markovian negentropies,,,,,low,
https://openalex.org/W2019172574,https://doi.org/10.1007/s10570-007-9189-x,2007,Cellulose swelling by protic solvents: which properties of the biopolymer and the solvent matter?,,,,,low,
https://openalex.org/W2414912995,https://doi.org/10.2174/1568026615666150506144814,2015,Multi-Target QSAR Approaches for Modeling Protein Inhibitors. Simultaneous Prediction of Activities Against Biomacromolecules Present in Gram-Negative Bacteria,False,none,qsar,False,high,
https://openalex.org/W2965478636,https://doi.org/10.1016/j.ejmech.2019.111592,2019,"Novel 4-quinoline-thiosemicarbazone derivatives: Synthesis, antiproliferative activity, in vitro and in silico biomacromolecule interaction studies and topoisomerase inhibition",False,none,docking,True,high,
https://openalex.org/W2109982997,https://doi.org/10.1016/j.polymer.2005.04.104,2005,Stochastic molecular descriptors for polymers. 3. Markov electrostatic moments as polymer 2D-folding descriptors: RNA–QSAR for mycobacterial promoters,,,,,low,
https://openalex.org/W4400211078,https://doi.org/10.3390/polym16131864,2024,Molecular Dynamic Simulations for Biopolymers with Biomedical Applications,True,other,md,False,high,
https://openalex.org/W4388093830,https://doi.org/10.3390/app132111841,2023,Predicting the Composition and Mechanical Properties of Seaweed Bioplastics from the Scientific Literature: A Machine Learning Approach for Modeling Sparse Data,True,other_polysaccharide,ml,False,high,
https://openalex.org/W2001112476,https://doi.org/10.1016/j.polymer.2008.09.070,2008,Stochastic molecular descriptors for polymers. 4. Study of complex mixtures with topological indices of mass spectra spiral and star networks: The blood proteome case,,,,,low,
https://openalex.org/W2971975433,https://doi.org/10.1016/j.eurpolymj.2019.109232,2019,Survey on transport properties of vapours and liquids on biodegradable polymers,True,other,solubility,True,high,
https://openalex.org/W4413372915,https://doi.org/10.3390/macromol5030038,2025,Machine Learning for the Optimization of the Bioplastics Design,True,pla,ml,False,high,
https://openalex.org/W4281938444,https://doi.org/10.3390/ma15113954,2022,Agar Biopolymer Films for Biodegradable Packaging: A Reference Dataset for Exploring the Limits of Mechanical Performance,True,other_polysaccharide,ml,True,high,
https://openalex.org/W2978416222,https://doi.org/10.1016/j.jtbi.2019.110039,2019,LEGO-based generalized set of two linear algebraic 3D bio-macro-molecular descriptors: Theory and validation by QSARs,False,protein,qsar,False,high,
https://openalex.org/W2038049222,https://doi.org/10.1002/bip.21314,2009,Exploration of human serum albumin binding sites by docking and molecular dynamics flexible ligand–protein interactions,False,protein,md,False,high,
https://openalex.org/W2944555669,https://doi.org/10.1016/j.jclepro.2019.05.104,2019,Holistic valorization of rapeseed meal utilizing green solvents extraction and biopolymer production with Pseudomonas putida,True,pha,solubility,True,high,
https://openalex.org/W4386026957,https://doi.org/10.3390/ma16165720,2023,Artificial Neural Networks for Predicting the Diameter of Electrospun Nanofibers Synthesized from Solutions/Emulsions of Biopolymers and Oils,True,other_polysaccharide,ml,True,high,
https://openalex.org/W4389341175,https://doi.org/10.3390/w15244200,2023,Machine Learning Techniques in Dosing Coagulants and Biopolymers for Treating Leachate Generated in Landfills,True,other,ml,True,medium,
https://openalex.org/W3016712229,https://doi.org/10.1016/j.snb.2020.128025,2020,Biopolymer based ionogels as active layers in low-cost gas sensors for electronic noses,True,other_polysaccharide,ml,True,high,
https://openalex.org/W2064386474,https://doi.org/10.1016/j.polymer.2013.05.038,2013,Investigating the release of a hydrophobic peptide from matrices of biodegradable polymers: An integrated method approach,True,other,ml,True,high,
https://openalex.org/W4404887755,https://doi.org/10.18331/brj2024.11.4.5,2024,Third-generation biomass for bioplastics: a comprehensive review of microalgae-driven polyhydroxyalkanoate production,True,pha,ml,False,medium,
https://openalex.org/W1968761092,https://doi.org/10.1002/bip.20234,2005,Biopolymer stochastic moments. I. Modeling human rhinovirus cellular recognition with protein surface electrostatic moments,False,protein,qsar,False,high,
https://openalex.org/W2766697122,https://doi.org/10.4018/ijqspr.2018010104,2017,QSPR Prediction of Retention Times of Methylxanthines and Cotinine by Bioplastic Evolution,False,none,qsar,False,medium,
https://openalex.org/W7131243061,https://doi.org/10.1007/s10924-025-03761-8,2026,Review on Aging of Biodegradable Polymers: Experimental Approaches and Emerging Role of Machine and Deep Learning,True,other,ml,True,high,
https://openalex.org/W4407947128,https://doi.org/10.1016/j.ijbiomac.2025.141565,2025,Using network analysis and large-language models to obtain a landscape of the literature on dressing materials for wound healing: The predominance of chitosan and other biomacromolecules: A review,True,chitosan,ml,False,high,
https://openalex.org/W2336588883,https://doi.org/10.1155/2016/6273414,2016,Developing a Suitable Model for Water Uptake for Biodegradable Polymers Using Small Training Sets,True,other,ml,False,high,
https://openalex.org/W1025267414,https://doi.org/10.1016/j.jmbbm.2015.07.008,2015,An atomic finite element model for biodegradable polymers. Part 1. Formulation of the finite elements,True,pla,md,False,high,
https://openalex.org/W4298007725,https://doi.org/10.1016/j.tsep.2022.101490,2022,Multilayer perceptron neural network applied to TG dynamic data of biopolymer chitosan – A robust tool to study the kinetics of solid thermal decomposition,,,,,low,
https://openalex.org/W3047387521,https://doi.org/10.1021/acs.jcim.0c00197,2020,Analytical Model of Electron Density and Its Machine Learning Inference,False,none,ml,False,high,
https://openalex.org/W3092307978,https://doi.org/10.1016/j.molliq.2020.114511,2020,Physicochemical analysis of multilayer adsorption mechanism of anionic dyes on lignocellulosic biomasses via statistical physics and density functional theory,True,cellulose,qc,True,high,
https://openalex.org/W3214585637,https://doi.org/10.1016/j.molliq.2021.118084,2021,"Photoactive homomolecular bis(n)-Lophine dyads: Multicomponent synthesis, photophysical properties, theoretical investigation, docking and interaction studies with biomacromolecules",,,,,low,
https://openalex.org/W4380792523,https://doi.org/10.1016/j.ica.2023.121639,2023,Study on the photophysical property of meso-tetra(2-fluorenyl)porphyrin derivatives and their interactions with DNA/HSA biomacromolecules,,,,,low,
https://openalex.org/W4408389563,https://doi.org/10.1038/s41467-025-57460-y,2025,Discovery of mammalian collagens I and III within ancient poriferan biopolymer spongin,True,protein,md,True,high,
https://openalex.org/W4323351188,https://doi.org/10.1016/j.dyepig.2023.111212,2023,"Imidazo[1,2-a]pyridine-based hybrids. Copper-catalyzed cycloaddition synthesis, photophysics, docking, and interaction studies with biomacromolecules",,,,,low,
https://openalex.org/W2159432928,https://doi.org/10.1016/j.cplett.2006.08.125,2006,Molecular dynamics studies of protein-fragment models encapsulated into carbon nanotubes,,,,,low,
https://openalex.org/W4365129172,https://doi.org/10.1039/d3bm00212h,2023,Does non-thermal plasma modify biopolymers in solution? A chemical and mechanistic study for alginate,True,alginate,md,True,high,
https://openalex.org/W2009674641,https://doi.org/10.1002/bip.20566,2006,Conformational changes of the p53‐binding cleft of MDM2 revealed by molecular dynamics simulations,False,protein,md,False,high,
https://openalex.org/W3129498646,https://doi.org/10.1016/j.molliq.2021.115730,2021,Theoretical insights about the possibility of removing Pb2+ and Hg2+ metal ions using adsorptive processes and matrices of carboxymethyl diethylaminoethyl cellulose and cellulose nitrate biopolymers,True,cellulose,qc,False,high,
https://openalex.org/W4388214943,https://doi.org/10.1016/j.ijbiomac.2023.127715,2023,Polysaccharides from exudate gums of plants and interactions with the intestinal microbiota: A review of vegetal biopolymers and prediction of their prebiotic potential,True,other_polysaccharide,docking,False,high,
https://openalex.org/W4404473423,https://doi.org/10.1617/s11527-024-02508-6,2024,Optimised biopolymer-based capsules for enhancing the mechanical and self-healing properties of asphalt mixtures,True,alginate,ml,True,high,
https://openalex.org/W7131781486,https://doi.org/10.3390/polym18050581,2026,"Extraction, Characterization and Applications of Biopolymers from Sustainable Sources",True,other,none,False,high,
https://openalex.org/W2087137877,https://doi.org/10.1016/j.jtbi.2009.07.031,2009,A network-QSAR model for prediction of genetic-component biomarkers in human colorectal cancer,False,protein,qsar,False,high,
https://openalex.org/W4392770643,https://doi.org/10.20944/preprints202402.1682.v1,2024,Molecular Dynamic Simulations for Biopolymers with Biomedical Applications,True,other,md,False,medium,
https://openalex.org/W4411697092,https://doi.org/10.3390/molecules30132752,2025,Bioplastic Production Using Natural Extracts with Cellulose Assisted by Experimental and Computational Screening,True,cellulose,other_computational,True,high,
https://openalex.org/W2128280130,https://doi.org/10.1002/bip.20202,2005,Stochastic‐based descriptors studying biopolymers biological properties: Extended MARCH‐INSIDE methodology describing antibacterial activity of lactoferricin derivatives,False,protein,qsar,False,high,
https://openalex.org/W4407625785,https://doi.org/10.3390/pr13020566,2025,Green Materials for Water and Wastewater Treatment: Mechanisms and Artificial Intelligence,True,other_polysaccharide,ml,False,medium,
https://openalex.org/W4406806194,https://doi.org/10.1016/j.procbio.2025.01.019,2025,Toward sustainable bioplastics: The potential of algal biomass in PHA production and biocomposites fabrication,,,,,low,
https://openalex.org/W3107609048,https://doi.org/10.1016/j.jinorgbio.2020.111307,2020,Helical water-soluble NiII complexes with pyridoxal ligand derivatives: Structural evaluation and interaction with biomacromolecules,False,none,docking,True,high,
https://openalex.org/W2032649851,https://doi.org/10.1007/s10570-014-0184-8,2014,"Mixed solvents for cellulose derivatization under homogeneous conditions: kinetic, spectroscopic, and theoretical studies on the acetylation of the biopolymer in binary mixtures of an ionic liquid and molecular solvents",,,,,low,
https://openalex.org/W4223467411,https://doi.org/10.3390/ijms23084252,2022,Tracing the Primordial Chemical Life of Glycine: A Review from Quantum Chemical Simulations,False,protein,qc,False,high,
https://openalex.org/W2046170404,https://doi.org/10.1016/j.indcrop.2014.01.031,2014,Novel solvents for cellulose: Use of dibenzyldimethylammonium fluoride/dimethyl sulfoxide (DMSO) as solvent for the etherification of the biopolymer and comparison with tetra(1-butyl)ammonium fluoride/DMSO,True,cellulose,qc,True,high,
https://openalex.org/W4401463480,https://doi.org/10.1039/d4tb00712c,2024,Small molecule interactions with biomacromolecules: selective sensing of human serum albumin by a hexanuclear manganese complex – photophysical and biological studies,False,protein,docking,True,high,
https://openalex.org/W2091236746,https://doi.org/10.1002/pro.5560050404,1996,Simulated annealing with restrained molecular dynamics using a flexible restraint potential: Theory and evaluation with simulated NMR constraints,False,protein,md,False,high,
https://openalex.org/W2914006093,https://doi.org/10.5772/intechopen.81735,2018,QSPR Prediction of Chromatographic Retention Times of Tea Compounds by Bioplastic Evolution,False,none,qsar,False,medium,
https://openalex.org/W1996177802,https://doi.org/10.1007/s10570-011-9618-8,2011,"Employing perichromism for probing the properties of carboxymethyl cellulose films: an expedient, accurate method for the determination of the degree of substitution of the biopolymer derivative",,,,,low,
https://openalex.org/W2288929520,https://doi.org/10.1021/acs.jpcb.5b11230,2016,Molecular Dynamics of a Water-Absorbent Nanoscale Material Based on Chitosan,True,chitosan,md,False,high,
https://openalex.org/W4387942540,https://doi.org/10.1007/978-3-031-44006-9_15,2023,Development of Artificial Intelligence Applied to the Production of Biopolymers with a Focus on Sustainability,,,,,low,
https://openalex.org/W1988880705,https://doi.org/10.1002/jcc.21016,2008,QSAR model for alignment‐free prediction of human breast cancer biomarkers based on electrostatic potentials of protein pseudofolding HP‐lattice networks,False,protein,qsar,False,high,
https://openalex.org/W4411002216,https://doi.org/10.1021/acs.jpca.5c01596,2025,Density Functional Theory Study of the Cellobiose Model System for Unveiling Cellulose–Water Interactions to Enhance Dewatering and Drying,True,cellulose,qc,False,high,
https://openalex.org/W2028500312,https://doi.org/10.1002/pro.5560050403,1996,Simulated annealing with restrained molecular dynamics using CONGEN: Energy refinement of the NMR solution structures of epidermal and type‐α transforming growth factors,False,protein,md,True,high,
https://openalex.org/W4382895034,https://doi.org/10.20944/preprints202306.2185.v1,2023,Machine Learning Techniques in the Dosage of Biopolymers and Coagulants for Leachate Treatment,True,other,ml,True,medium,
https://openalex.org/W3202333850,https://doi.org/10.3390/molecules26195935,2021,Exploring Gunnera tinctoria: From Nutritional and Anti-Tumoral Properties to Phytosome Development Following Structural Arrangement Based on Molecular Docking,False,none,docking,True,medium,
https://openalex.org/W4307252426,https://doi.org/10.1088/1742-6596/2307/1/012060,2022,On the theoretical study of the structure of a starch-based biopolymer,True,starch,qc,False,high,
https://openalex.org/W7125949351,https://doi.org/10.1016/j.resconrec.2026.108814,2026,Sustainable innovation: Artificial Intelligence-assisted design of bio-based plastics,,,,,low,
https://openalex.org/W2091494103,https://doi.org/10.1039/b006711n,2000,Relaxation dynamics of biopolymers seeded with unfolded lysozyme transients in vacuo. The role of primary sequence in protein folding,False,protein,md,False,high,
https://openalex.org/W4401993094,https://doi.org/10.1007/s10570-024-06014-4,2024,Cellulose acetylation in ionic liquid-molecular solvent mixtures: influence of the biopolymer-induced preferential solvation on its dissolution and reactivity,,,,,low,
https://openalex.org/W7134033657,https://doi.org/10.1007/s11356-026-37565-7,2026,"Environmental fate, biodegradation pathways, and phytotoxicological risks of biopolymer-based packaging: a critical review",True,other,none,False,medium,
https://openalex.org/W2972926349,https://doi.org/10.3390/life9030075,2019,Prebiotic Peptide Bond Formation Through Amino Acid Phosphorylation. Insights from Quantum Chemical Simulations,False,protein,qc,False,high,
https://openalex.org/W3197715756,https://doi.org/10.1007/s00894-021-04894-y,2021,Interaction of glyphosate in matrices of cellulose and diethylaminoethyl cellulose biopolymers: theoretical viewpoint of the adsorption process,True,cellulose,qc,False,high,
https://openalex.org/W4410876483,https://doi.org/10.1016/j.bpj.2025.05.026,2025,2Danalysis: A toolbox for analysis of lipid membranes and biopolymers in two-dimensional space,False,none,md,False,medium,
https://openalex.org/W2151639191,https://doi.org/10.1002/pro.5560060502,1997,Homology modeling using simulated annealing of restrained molecular dynamics and conformational search calculations with CONGEN: Application in predicting the three‐dimensional structure of murine homeodomain Msx‐1,False,protein,md,False,high,
https://openalex.org/W3199554132,https://doi.org/10.21577/0100-4042.20170821,2021,"CONSTRUÇÃO, OTIMIZAÇÃO E ANCORAGEM MOLECULAR DE SUBSTÂNCIAS BIOATIVAS EM BIOMACROMOLÉCULAS: UM TUTORIAL PRÁTICO",False,none,docking,False,high,
https://openalex.org/W4385741000,https://doi.org/10.1016/j.envint.2023.108139,2023,"Enantioselective uptake, translocation, and biotransformation of pydiflumetofen in wheat (Triticum aestivum L.): Insights from chiral profiling and molecular simulation",False,none,docking,True,high,
https://openalex.org/W2075875691,https://doi.org/10.1002/bip.21147,2009,Molecular dynamics (MD) simulations of VIP and PACAP27,False,protein,md,False,high,
https://openalex.org/W4310022651,https://doi.org/10.1002/jcc.27037,2022,A building‐block database of distributed polarizabilities and dipole moments to estimate optical properties of biomacromolecules in isolation or in an explicitly solvated medium,False,protein,qc,False,high,
https://openalex.org/W2085351863,https://doi.org/10.1016/j.bmc.2007.01.050,2007,On the applicability of QSAR for recognition of miRNA bioorganic structures at early stages of organism and cell development: Embryo and stem cells,False,nucleic_acid,qsar,False,high,
https://openalex.org/W3007797632,https://doi.org/10.1007/s10570-020-03050-8,2020,"Dependence of cellulose dissolution in quaternary ammonium acetates/DMSO on the molecular structure of the electrolyte: use of solvatochromism, micro-calorimetry, and molecular dynamics simulations",True,cellulose,md,True,high,
https://openalex.org/W4410452425,https://doi.org/10.1016/j.jpha.2025.101346,2025,Applications of quantitative 13C NMR in pharmaceutical analysis: From small molecule drugs to biopolymers,False,none,none,False,low,
https://openalex.org/W2983963944,https://doi.org/10.1016/j.molliq.2019.112156,2019,"Molecular insight into silk fibroin based delivery vehicle for amphiphilic drugs: Synthesis, characterization and molecular dynamics studies",True,protein,md,True,high,
https://openalex.org/W4388735746,https://doi.org/10.1016/j.jmgm.2023.108674,2023,Optimizing biodegradable plastics: Molecular dynamics insights into starch plasticization with glycerol and oleic acid,True,starch,md,False,high,
https://openalex.org/W2417405412,https://doi.org/10.1166/jnn.2016.12476,2016,Conventional and Fast Field Cycling Relaxometry Study of the Molecular Dynamics in Polymer Nanocomposites for Use as Drug Delivery Systems,True,other,other_computational,True,medium,
https://openalex.org/W2035936033,https://doi.org/10.1515/znc-1999-1107,1999,Molecular Dynamics Modellization and Simulation of Water Diffusion through Plant Cutin,True,other,md,False,high,
https://openalex.org/W3133785734,https://doi.org/10.1016/j.csbj.2021.03.002,2021,Structural and molecular dynamics investigations of ligand stabilization via secondary binding site interactions in Paenibacillus xylanivorans GH11 xylanase,False,other_polysaccharide,md,True,high,
https://openalex.org/W4409989032,https://doi.org/10.1021/acs.jpcc.5c01565,2025,Modeling Plasma-Induced Modifications in Alginate Biopolymers at the Atomic Scale,True,alginate,md,False,high,
https://openalex.org/W3209178354,https://doi.org/10.1007/s00289-021-03957-7,2021,Theoretical study of glyphosate adsorption potential on methylcellulose and cellulose xanthate matrices compared to activated carbon: role of biopolymers in the adsorption process,,,,,low,
https://openalex.org/W2305892550,https://doi.org/10.1002/bip.22839,2016,Exploring the conformational and binding properties of unphosphorylated/phosphorylated monomeric and trimeric Bcl‐2 through docking and molecular dynamics simulations,False,protein,md,False,high,
https://openalex.org/W2848557372,https://doi.org/10.1590/0104-1428.09917,2018,Molecular dynamics studies of amylose plasticized with Brazilian Cerrado oils: part I,True,starch,md,False,high,
https://openalex.org/W4392364170,https://doi.org/10.1021/acs.jcim.3c01870,2024,Physics-Informed Deep Learning Approach for Reintroducing Atomic Detail in Coarse-Grained Configurations of Multiple Poly(lactic acid) Stereoisomers,True,pla,ml,False,high,
https://openalex.org/W4220846235,https://doi.org/10.1039/d1sm01794b,2022,Prediction of the structure and mechanical properties of polycaprolactone–silica nanocomposites and the interphase region by molecular dynamics simulations: the effect of PEGylation,True,other,md,False,high,
https://openalex.org/W1984941037,https://doi.org/10.1016/j.polymer.2009.05.055,2009,Study of peptide fingerprints of parasite proteins and drug–DNA interactions with Markov-Mean-Energy invariants of biopolymer molecular-dynamic lattice networks,False,protein,md,True,medium,
https://openalex.org/W4408086473,https://doi.org/10.1101/2025.02.27.640563,2025,2Danalysis: A toolbox for analysis of lipid membranes and biopolymers in two-dimensional space,False,none,md,False,high,
https://openalex.org/W2067621098,https://doi.org/10.1007/s10924-014-0654-y,2014,Combined Effect of Poly(hydroxybutyrate) and Plasticizers on Polylactic acid Properties for Film Intended for Food Packaging,True,pha,none,True,high,
https://openalex.org/W2790587648,https://doi.org/10.1557/mrc.2018.41,2018,Molecular dynamics simulations of montmorillonite reinforcing amylose plasticized by Brazilian Cerrado oils: polymer-clay nanocomposite,,,,,low,
https://openalex.org/W4403110658,https://doi.org/10.51252/rcsi.v3i1.489,2023,Avances en el aprovechamiento de biopolímeros y productos peruanos,,,,,low,
https://openalex.org/W1986302333,https://doi.org/10.1021/ct900653p,2010,A Coarse Grained Model for Atomic-Detailed DNA Simulations with Explicit Electrostatics,False,nucleic_acid,md,False,high,
https://openalex.org/W4310382639,https://doi.org/10.3390/molecules27238351,2022,Novel Production Methods of Polyhydroxyalkanoates and Their Innovative Uses in Biomedicine and Industry,True,pha,none,False,high,
https://openalex.org/W4403136138,https://doi.org/10.1142/s2737416524500649,2024,"Microemulsion of Medicago marina Essential Oil: In Vitro Evaluation of Antimicrobial, Antibiofilm, Anticoagulant Effects, and In Silico Studies Involving Molecular Docking and ADME Prediction",False,other_polysaccharide,docking,True,medium,
https://openalex.org/W2987666599,https://doi.org/10.1109/access.2019.2950984,2019,"Morphology Clustering Software for AFM Images, Based on Particle Isolation and Artificial Neural Networks",False,nucleic_acid,ml,True,high,
https://openalex.org/W4411923755,https://doi.org/10.1016/j.cbi.2025.111631,2025,Computational Investigation of Hardwickiic Acid-Derived Amides as Potential Cholinesterase Inhibitors: Molecular Docking and ADME/Tox Predictions,False,none,docking,False,high,
https://openalex.org/W1964326332,https://doi.org/10.1016/j.apsusc.2012.12.075,2012,Adsorption of chitosan on BN nanotubes: A DFT investigation,,,,,low,
https://openalex.org/W1912808485,https://doi.org/10.1016/j.jmgm.2015.11.001,2015,Computational study of polymorphic structures of α- and β- chitin and chitosan in aqueous solution,True,chitosan,md,False,high,
https://openalex.org/W2320671906,https://doi.org/10.2174/1574893611308040006,2013,QSAR and Complex Network Recognition of miRNAs in Stem Cells,False,nucleic_acid,qsar,False,high,
https://openalex.org/W2119604853,https://doi.org/10.1002/jcc.20649,2007,Computational chemistry approach to protein kinase recognition using 3D stochastic van der Waals spectral moments,False,protein,qsar,False,high,
https://openalex.org/W2750898712,https://doi.org/10.1016/j.ijbiomac.2017.08.161,2017,Diatomite as a novel composite ingredient for chitosan film with enhanced physicochemical properties,True,chitosan,qc,True,high,
https://openalex.org/W7147228957,https://doi.org/10.1002/advs.202522389,2026,Understanding Fabrication Variability in Core‐Shell Soft Biomaterials Using Stochastic Artificial Intelligence,True,other_polysaccharide,ml,True,medium,
https://openalex.org/W4412993734,https://doi.org/10.1021/acsami.5c11459,2025,Integrating Deep Learning and Real-Time Imaging to Visualize In Situ Self-Assembly of Self-Healing Interpenetrating Polymer Networks Formed by Protein and Polysaccharide Fibers,True,protein,ml,True,high,
https://openalex.org/W4409171570,https://doi.org/10.14569/ijacsa.2025.0160318,2025,Machine Learning-Based Terahertz Spectroscopy for Starch Concentration Prediction in Biofilms,True,starch,ml,True,high,
https://openalex.org/W2050874313,https://doi.org/10.1016/j.foodchem.2009.02.017,2009,Interactions between milk whey protein and polysaccharide in solution,True,other_polysaccharide,none,True,high,
https://openalex.org/W2792933045,https://doi.org/10.1557/adv.2018.99,2018,"Preliminary Molecular Dynamics Studies of the Montmorillonite, Amylose, Fatty Acids and Water for Polymer-Clay Nanocomposite Modeling",,,,,low,
https://openalex.org/W3092343824,https://doi.org/10.1142/s1088424620500534,2020,Fluorescent pyrene moiety in fluorinated C6F5-corroles increases the interaction with HSA and CT-DNA,False,none,docking,True,high,
https://openalex.org/W4408220311,https://doi.org/10.3390/su17052263,2025,Molecular Dynamics Simulations of Sustainable Green Binders for Metal Injection Molding,True,pla,md,False,high,
https://openalex.org/W2012266682,https://doi.org/10.1039/c4sm00459k,2014,Multi-orthogonal folding of single polymer chains into soft nanoparticles,True,other,md,False,high,
https://openalex.org/W3006139627,https://doi.org/10.1021/acsami.9b21209,2020,Stimuli-Responsive Benzothiadiazole Derivative as a Dopant for Rewritable Polymer Blends,True,other,qc,True,medium,
https://openalex.org/W4406613845,https://doi.org/10.3390/jof11010077,2025,Groundbreaking Technologies and the Biocontrol of Fungal Vascular Plant Pathogens,False,none,none,False,high,
https://openalex.org/W1965071718,https://doi.org/10.1016/j.carbpol.2015.03.032,2015,Optical and mechanical properties of nanofibrillated cellulose: Toward a robust platform for next-generation green technologies,True,cellulose,qc,True,high,
https://openalex.org/W3005010714,https://doi.org/10.1007/978-1-0716-0282-9_16,2020,Binding Free Energy Calculation Using Quantum Mechanics Aimed for Drug Lead Optimization,False,none,qc,False,high,
https://openalex.org/W4234913859,https://doi.org/10.1002/bip.10016.abs,2002,"A molecular dynamics study of the stoichiometric complex formed by poly (α, L-glutamate) and octyltrimethylammonium ions in chloroform solution",True,protein,md,False,high,
https://openalex.org/W7165618233,https://doi.org/10.3390/polym18131559,2026,Machine Learning Prediction of Thermal Properties of PHB/PHBV-Based Materials: A Quantitative Structure–Property Relationship Approach Using an Integrated Polymer Database,True,pha,ml,True,high,
https://openalex.org/W4406463550,https://doi.org/10.1021/acssuschemeng.4c07538,2025,Green Synthesis of Cellulose Acetate Mixed Matrix Membranes: Structure–Function Characterization,True,cellulose,solubility,True,high,
https://openalex.org/W2031265359,https://doi.org/10.1021/cm0621996,2007,Direct Observation of the Formation of Nanoparticles by in situ Time-Resolved X-ray Absorption Spectroscopy,True,protein,qc,True,medium,
https://openalex.org/W2136586784,https://doi.org/10.3998/ark.5550190.0006.639,2005,Assignment of vibrational spectra of labdatriene derivatives and ambers: A combined experimental and density functional theoretical study,True,other,qc,True,high,
https://openalex.org/W2899986353,https://doi.org/10.1021/acssuschemeng.8b03900,2018,Cholinium-Based Good’s Buffers Ionic Liquids as Remarkable Stabilizers and Recyclable Preservation Media for Recombinant Small RNAs,True,nucleic_acid,md,True,high,
https://openalex.org/W2133311302,https://doi.org/10.1039/b919155k,2010,"On the selective detection of duplex deoxyribonucleic acids by 2,1,3-benzothiadiazole fluorophores",False,nucleic_acid,qc,True,high,
https://openalex.org/W2980366858,https://doi.org/10.3389/fmolb.2019.00109,2019,Enzymatic Polymerization of PCL-PEG Co-polymers for Biomedical Applications,True,other,md,False,high,
https://openalex.org/W4407133103,https://doi.org/10.1016/j.saa.2025.125857,2025,Analysis of biodegradable films made from cassava starch and oregano essential oil using hyperspectral imaging and portable NIR spectroscopy,True,starch,ml,True,high,
https://openalex.org/W2143572328,https://doi.org/10.1016/j.jfoodeng.2012.05.024,2012,Foaming characteristics of β-lactoglobulin as affected by enzymatic hydrolysis and polysaccharide addition: Relationships with the bulk and interfacial properties,True,protein,none,True,high,
https://openalex.org/W4406865612,https://doi.org/10.1016/j.fbp.2025.01.015,2025,Towards sustainable food packaging using natural compounds: A review of current research update,True,other_polysaccharide,ml,False,medium,
https://openalex.org/W3125027752,https://doi.org/10.1021/acssuschemeng.0c07683,2021,Access to Biorenewable and CO2-Based Polycarbonates from Exovinylene Cyclic Carbonates,True,other,qc,True,high,
https://openalex.org/W4319989273,https://doi.org/10.1016/j.jinorgbio.2023.112149,2023,"Photophysical, photobiological, and biomolecule-binding properties of new tri-cationic meso-tri(2-thienyl)corroles with Pt(II) and Pd(II) polypyridyl derivatives",False,none,docking,True,high,
https://openalex.org/W2782914637,https://doi.org/10.2174/1385272821666170511165159,2018,"Chitosan-Aflatoxins B1, M1 Interaction: A Computational Approach",True,chitosan,qc,False,high,
https://openalex.org/W2215246495,https://doi.org/10.1039/c5fd00132c,2015,Chiral self-assembly of helical particles,True,other,md,False,medium,
https://openalex.org/W2036140803,https://doi.org/10.1016/j.carbpol.2013.09.043,2013,Acylation of cellulose in a novel solvent system: Solution of dibenzyldimethylammonium fluoride in DMSO,True,cellulose,md,True,high,
https://openalex.org/W3209968826,https://doi.org/10.3390/polysaccharides2040052,2021,Characterization of Cassava Starch and Its Structural Changes Resulting of Thermal Stress by Functionally-Enhanced Derivative Spectroscopy (FEDS),True,starch,qc,True,high,
https://openalex.org/W4381308702,https://doi.org/10.1021/acs.biomac.3c00433,2023,Self-Supporting Hyaluronic Acid-Functionalized G-Quadruplex-Based Perfusable Multicomponent Hydrogels Embedded in Photo-Cross-Linkable Matrices for Bioapplications,True,other_polysaccharide,md,True,high,
https://openalex.org/W4409171866,https://doi.org/10.14569/ijacsa.2025.0160316,2025,Bioplastic Thickness Estimation Using Terahertz Time-Domain Spectroscopy and Machine Learning,True,starch,ml,True,high,
https://openalex.org/W1985444137,https://doi.org/10.1016/j.colsurfa.2011.03.031,2011,A theoretical study of colloidal forces near amphiphilic polymer brushes,,,,,low,
https://openalex.org/W1974168595,https://doi.org/10.1002/bip.21122,2008,"Influence of the dye presence on the conformational preferences of CREKA, a tumor homing linear pentapeptide",False,protein,md,False,high,
https://openalex.org/W3024133016,https://doi.org/10.1016/j.bioorg.2020.103936,2020,"Modified pyrazole platinum(II) complex can circumvent albumin and glutathione: Synthesis, structure and cytotoxic activity",False,none,docking,True,high,
https://openalex.org/W2764272964,https://doi.org/10.2174/187794680503160223163623,2016,Comparison of Experimental and Theoretical Data on the Structural and Electronic Characterization of Chitin and Chitosan,True,chitosan,qc,True,high,
https://openalex.org/W7116663310,https://doi.org/10.3390/biomass6010001,2025,Bio-Circular Economy and Digitalization: Pathways for Biomass Valorization and Sustainable Biorefineries,False,none,other_computational,False,medium,
https://openalex.org/W2158969943,https://doi.org/10.1002/masy.200450113,2004,Role of hydration in the phase transition of polypeptides investigated by NMR and Raman spectroscopy,True,protein,qc,True,high,
https://openalex.org/W4376891216,https://doi.org/10.3390/molecules28104110,2023,Reduced Chitosan as a Strategy for Removing Copper Ions from Water,True,chitosan,md,True,high,
https://openalex.org/W2888475355,https://doi.org/10.1016/j.ijbiomac.2018.08.102,2018,High concentration solubility and stability of ɛ-poly-l-lysine in an ammonium-based ionic liquid: A suitable media for polypeptide packaging and biomaterial preparation,True,protein,docking,True,high,
https://openalex.org/W4321483523,https://doi.org/10.1016/j.bioadv.2023.213353,2023,Anisotropic 3D scaffolds for spinal cord guided repair: Current concepts,True,other,none,False,medium,
https://openalex.org/W4415350758,https://doi.org/10.1590/1980-5373-mr-2025-0142,2025,Artificial Intelligence Applied to the Production of Biopolymers with a Sustainability Approach and the Use of the Extended Finite Element Method,True,other,ml,False,medium,
https://openalex.org/W2135434779,https://doi.org/10.1002/bip.20270,2005,Characterization and structural role of disulfide bonds in a highly knotted thionin from Pyrularia pubera,False,protein,md,True,high,
https://openalex.org/W4416502598,https://doi.org/10.7490/f1000research.1120055.1,2025,Molecular dynamics simulations of bacterial and plant-derived nanocelluloses: Impact on the properties of polyhydroxybutyrate biopolymer,True,cellulose,md,False,high,
https://openalex.org/W4387247565,https://doi.org/10.18845/te.v17i1.6475,2023,Prospective of the circular economy in a banana agri-food chain,False,none,ml,False,medium,
https://openalex.org/W2173568906,https://doi.org/10.1016/j.indcrop.2015.08.015,2015,Imidazole-catalyzed esterification of cellulose in ionic liquid/molecular solvents: A multi-technique approach to probe effects of the medium,True,cellulose,md,True,high,
https://openalex.org/W7167889756,https://doi.org/10.1007/s13726-026-01713-0,2026,Molecular dynamics insights into essential oil-enriched biopolymer films: structural stability and functional performance for active packaging,,,,,low,
https://openalex.org/W4280581303,https://doi.org/10.1002/cbic.202200248,2022,"Bromo‐Substituted Diazenyl‐pyrazolo[1,5‐a]pyrimidin‐2‐amines: Sonogashira Cross‐Coupling Reaction, Photophysical Properties, Bio‐interaction and HSA Light‐Up Sensor",False,none,docking,True,high,
https://openalex.org/W3177998703,https://doi.org/10.1016/j.arabjc.2021.103325,2021,"Theoretical study for determining the type of interactions between a GG block of an alginate chain with metals Cu2+, Mn2+, Ca2+ and Mg2+",True,alginate,qc,False,high,
https://openalex.org/W4206351191,https://doi.org/10.3390/pharmaceutics14010112,2022,"Formulation of Nano/Micro-Carriers Loaded with an Enriched Extract of Coffee Silverskin: Physicochemical Properties, In Vitro Release Mechanism and In Silico Molecular Modeling",True,other_polysaccharide,docking,True,medium,
https://openalex.org/W4391576110,https://doi.org/10.3390/su16041365,2024,AI Applied to the Circular Economy: An Approach in the Wastewater Sector,False,none,ml,False,high,
https://openalex.org/W4400805078,https://doi.org/10.1016/j.compeleceng.2024.109473,2024,A method to predict the percentage of biodegradation in polymeric materials,,,,,low,
https://openalex.org/W3103989857,https://doi.org/10.1016/j.ijbiomac.2020.11.001,2020,A novel mechanism of β-glucosidase stimulation through a monosaccharide binding-induced conformational change,False,none,md,True,high,
https://openalex.org/W2588178786,https://doi.org/10.1007/s00894-017-3257-4,2017,The role of weak interactions in lignin polymerization,True,lignin,qc,False,high,
https://openalex.org/W4390807582,https://doi.org/10.1016/j.carbpol.2024.121799,2024,Elucidation of temperature-induced water structuring on cellulose surfaces for environmental and energy sustainability,True,cellulose,md,False,high,
https://openalex.org/W2051610536,https://doi.org/10.1016/j.bpj.2014.11.2563,2015,Molecular Dynamics Study of the Biodegradation Process of the Biopolymer Poly (LACTIC)/Poly (VINYL) Scaffold for Bone Tissue Engineering,,,,,low,
https://openalex.org/W7205707577,https://doi.org/10.3390/polym18172145,2026,Machine-Learning-Guided Experimental Prioritization of Seaweed-Derived Bioplastic Films Toward an LDPE-like Mechanical Target Using Sparse Literature Data,True,other_polysaccharide,ml,False,high,
https://openalex.org/W7132814867,https://doi.org/10.3390/polym18050598,2026,Recent Developments in the Mechanical Behavior of Polymer-Based Composites,True,other,ml,False,medium,
https://openalex.org/W4399018998,https://doi.org/10.1002/adfm.202406097,2024,Artificial Spores as Multi‐Functional Biocatalysts to Perform Biosynthetic Cascades,True,other,qc,True,medium,
https://openalex.org/W4404110024,https://doi.org/10.3390/macromol4040047,2024,Polysaccharides and Composite Adsorbents in the Spotlight for Effective Agrochemical Residue Removal from Water,True,other_polysaccharide,none,False,medium,
https://openalex.org/W4406932684,https://doi.org/10.1021/acs.jcim.4c02268,2025,EFGs: A Complete and Accurate Implementation of Ertl’s Functional Group Detection Algorithm in RDKit,False,none,other_computational,False,high,
https://openalex.org/W7162561975,https://doi.org/10.1016/b978-0-323-99507-8.00066-4,2026,Solvent-mediated modulation of biopolymer interactions and aggregation,,,,,low,
https://openalex.org/W4200416809,https://doi.org/10.3390/polym14010013,2021,Dissolution of Silk Fibroin in Mixtures of Ionic Liquids and Dimethyl Sulfoxide: On the Relative Importance of Temperature and Binary Solvent Composition,True,protein,md,True,high,
https://openalex.org/W4408069007,https://doi.org/10.1016/j.jwpe.2025.107327,2025,"Chitosan-based materials for emerging contaminants removal: Bibliometric analysis, research progress, and directions",,,,,low,
https://openalex.org/W2159142026,https://doi.org/10.1016/j.polymer.2012.04.009,2012,"Study of molecular structure and vibrational spectra of poly (β,-l-malic acid) [PMLA] using DFT approach",True,other,qc,True,high,
https://openalex.org/W2293356684,https://doi.org/10.1021/acs.jpcb.6b00028,2016,Reorientation Motion and Preferential Interactions of a Peptide in Denaturants and Osmolyte,False,protein,md,True,high,
https://openalex.org/W3193632605,https://doi.org/10.1016/j.apsusc.2021.150998,2021,Structural stability and electronic characteristics of cellulose nanowires on graphene-like systems,,,,,low,
https://openalex.org/W4412521132,https://doi.org/10.1016/j.ijbiomac.2025.146121,2025,"Effects of morphology and extraction procedures on the chemical, thermal and dielectric properties of ulvan polysaccharides",True,other_polysaccharide,other_computational,True,high,
https://openalex.org/W4414646412,https://doi.org/10.1021/acsapm.5c02075,2025,Deciphering CO2 Adsorption Mechanisms at the Atomic Scale in Cellulose and Chitosan Aerogels,True,other_polysaccharide,qc,True,high,
https://openalex.org/W4380737980,https://doi.org/10.1016/j.mtcomm.2023.106430,2023,Biopolymer-based advanced materials applied in bio-nanomedicine,,,,,low,
https://openalex.org/W7140175358,https://doi.org/10.1002/brv.70163,2026,"The plastisphere as a nexus for antimicrobial resistance: micro(nano)plastics in pathogen colonization, gene transfer, and global health risks",False,none,none,False,high,
https://openalex.org/W7116916151,https://doi.org/10.3390/gels12010012,2025,"Thermo-Responsive Smart Hydrogels: Molecular Engineering, Dynamic Cross-Linking Strategies, and Therapeutics Applications",True,other,none,False,high,
https://openalex.org/W4386424891,https://doi.org/10.1016/j.nbt.2023.09.001,2023,Biomaterials text mining: A hands-on comparative study of methods on polydioxanone biocompatibility,True,other,ml,False,high,
https://openalex.org/W2801924619,https://doi.org/10.4236/jbnb.2018.92010,2018,"Paving the High-Way to Sustainable, Value Adding Open-Innovation Integrating Bigger-Data Challenges: Three Examples from Bio-Ingredients to Robust Durable Applications of Electrochemical Impacts",True,other,other_computational,False,low,
https://openalex.org/W4307216035,https://doi.org/10.3390/chemosensors10110440,2022,Studies on the Interaction of Rose Bengal with the Human Serum Albumin Protein under Spectroscopic and Docking Simulations Aspects in the Characterization of Binding Sites,False,protein,docking,True,high,
https://openalex.org/W4283259720,https://doi.org/10.2166/wst.2022.194,2022,Monitoring PHB production in Synechocystis sp. with hyperspectral images,True,pha,ml,True,high,
https://openalex.org/W4404115551,https://doi.org/10.1038/s41598-024-77372-z,2024,Reproduction of experimental data for stacked caffeine dimers using various computational methods,False,none,qc,False,high,
https://openalex.org/W2272982953,https://doi.org/10.1021/acs.jpcb.5b08155,2015,"Evaluation of the GROMOS 56ACARBO Force Field for the Calculation of Structural, Volumetric, and Dynamic Properties of Aqueous Glucose Systems",True,cellulose,md,False,high,
https://openalex.org/W7113465223,,2024,Plasma-induced modifications of alginate biopolymer: atomic level modeling,True,alginate,md,False,high,
https://openalex.org/W2342839568,https://doi.org/10.1186/s13065-016-0167-y,2016,Protein adsorption through Chitosan–Alginate membranes for potential applications,True,chitosan,qc,True,high,
https://openalex.org/W4405473973,https://doi.org/10.1002/bbb.2718,2024,Bioenergy and bioproducts from cashew apple bagasse: a scientometric overview and strategies for sustainable utilization,True,pla,none,False,medium,
https://openalex.org/W4365998637,https://doi.org/10.1002/cmdc.202300104,2023,Functionalized Cyclopentenones with Low Electrophilic Character as Anticancer Agents,False,none,qc,True,high,
https://openalex.org/W2387073917,https://doi.org/10.1002/bip.22866,2016,Prediction of the impact of coding missense and nonsense single nucleotide polymorphisms on HD5 and HBD1 antibacterial activity against Escherichia coli,False,protein,md,False,high,
https://openalex.org/W3005000844,https://doi.org/10.1039/c9cp06683g,2020,The role of osmolytes in the temperature-triggered conformational transition of poly( N -vinylcaprolactam): an experimental and computational study,True,other,md,True,high,
https://openalex.org/W4398758268,https://doi.org/10.2139/ssrn.4839047,2024,Modelling Nacre Structure in Silico: Interactions of Biopolymers with an Aragonite Crystal Surface,,,,,low,
https://openalex.org/W4412111183,https://doi.org/10.1063/5.0278134,2025,The sulfur lone-pair⋯π interaction: The subtle dispersion features of the sulfur interactions in model complexes of disulfides with the heteroaromatic benzofuran,False,none,qc,True,high,
https://openalex.org/W4310588977,https://doi.org/10.1039/d2cp04052b,2022,Benchmark of a functional-group database for distributed polarizability and dipole moment in biomolecules,True,protein,qc,False,medium,
https://openalex.org/W4366086734,https://doi.org/10.1007/s10965-023-03556-2,2023,"Polyhydroxybutyrate-co-hydroxyvalerate/titanium dioxide composite films: green synthesis, characterization, and photocatalytic assessment",,,,,low,
https://openalex.org/W7144140248,https://doi.org/10.1016/j.ijbiomac.2026.151722,2026,Chitosan-based nanocomposite membranes for dye removal via membrane filtration: A review,True,chitosan,ml,False,high,
https://openalex.org/W2982222649,https://doi.org/10.1002/jcc.26089,2019,Smoothed Spherical Truncation based on Fuzzy Membership Functions: Application to the Molecular Encoding,False,none,qsar,False,medium,
https://openalex.org/W2007388631,https://doi.org/10.1007/s12665-011-1308-1,2011,"Drinking water production from surface water sources in the tropics: Brasília DF, Brazil",,,,,low,
https://openalex.org/W7213319027,https://doi.org/10.1021/acs.jcim.6c00987,2026,STELLAR: A Fragment-Based Docking Workflow for Highly Flexible Long-Chain Biopolymers,False,other,docking,False,medium,
https://openalex.org/W4417404698,https://doi.org/10.1109/democon65705.2025.11282896,2025,Evolution and Trends in Teaching Biopolymers Through MOOCs and Virtual Education: a Bibliometric Analysis,False,none,none,False,high,
https://openalex.org/W4416458511,https://doi.org/10.1080/10242422.2025.2587872,2025,Advances and challenges in keratinase-driven bioprocessing of keratinous waste,False,protein,none,False,high,
https://openalex.org/W4413367203,https://doi.org/10.1371/journal.pone.0330708,2025,Interaction of nanoplastics with metronidazole and ciprofloxacin: The Trojan Horse effect,True,pla,qc,False,high,
https://openalex.org/W4414989804,https://doi.org/10.1021/acs.jctc.5c02088,2026,How to Use Quantum Computers for Biomolecular Free Energies,False,none,qc,False,high,
https://openalex.org/W3112769167,https://doi.org/10.1021/acs.jpca.0c06814,2020,Intrastrand Photolesion Formation in Thio-Substituted DNA: A Case Study Including Single-Reference and Multireference Methods,False,nucleic_acid,qc,False,high,
https://openalex.org/W4413305181,https://doi.org/10.4103/mgr.medgasres-d-25-00110,2025,Density Functional Theory calculations employed to describe the transport of medical gases,False,none,qc,False,medium,
https://openalex.org/W7204246674,https://doi.org/10.1039/d6gc03755k,2026,"Advances in molecular-scale computational modeling of lignin (2020–2026): molecular dynamics, quantum chemistry, machine learning, and the technical lignin frontier",True,lignin,other_computational,False,high,
https://openalex.org/W4288045473,https://doi.org/10.1016/j.foodchem.2022.133800,2022,Introducing comprehensive multiphase NMR for the analysis of food: Understanding the hydrothermal treatment of starch-based foods,True,starch,other_computational,True,high,
https://openalex.org/W4414664059,https://doi.org/10.3390/su17198741,2025,"Technological Innovations in Sustainable Civil Engineering: Advanced Materials, Resilient Design, and Digital Tools",False,none,none,False,low,
https://openalex.org/W4320006695,https://doi.org/10.1016/b978-0-323-91894-7.00015-3,2023,Thermodynamic and structural analysis of graphene/polymer nanocomposites for the adsorption of azo dyes present in binary mixed,,,,,low,
https://openalex.org/W2990560395,https://doi.org/10.3390/ijms20235966,2019,Hot Spots and Their Contribution to the Self-Assembly of the Viral Capsid: In Silico Prediction and Analysis,False,protein,md,False,high,
https://openalex.org/W7171972303,https://doi.org/10.5281/zenodo.21493247,2026,STELLAR Enables Structural Prediction of Highly Flexible Long-Chain Biopolymers via a Novel Fragment-Based Workflow,False,protein,docking,False,medium,
https://openalex.org/W7143410323,https://doi.org/10.5281/zenodo.19204099,2026,STELLAR Enables Structural Prediction of Highly Flexible Long-Chain Biopolymers via a Novel Fragment-Based Workflow,False,protein,docking,False,medium,
https://openalex.org/W7147475512,https://doi.org/10.26434/chemrxiv-2025-nmn5s/v2,2026,STELLAR Enables Structural Prediction of Highly Flexible Long-Chain Biopolymers via a Novel Fragment-Based Workflow,False,other,docking,False,medium,
https://openalex.org/W7143314418,https://doi.org/10.5281/zenodo.19204098,2026,STELLAR Enables Structural Prediction of Highly Flexible Long-Chain Biopolymers via a Novel Fragment-Based Workflow,False,protein,docking,False,medium,
https://openalex.org/W2761396326,https://doi.org/10.1016/b978-0-08-100764-8.00002-2,2017,"Microstructure, composition and their relationship with molecular mobility, food quality and stability",,,,,low,
https://openalex.org/W4416414512,https://doi.org/10.1021/acsomega.5c07809,2025,Computational Study of a Versatile Lipase for the Degradation of Polylactic Acid,True,pla,md,True,high,
https://openalex.org/W2022703422,https://doi.org/10.1016/j.jnoncrysol.2004.03.125,2004,Mechanistic view of the relaxation dynamics of a simple glass-former. A bridge between the topographic and the dynamic approaches,,,,,low,
https://openalex.org/W3017229857,https://doi.org/10.1021/acs.jpcc.0c01019,2020,Dimension-Controlled Dewetting in Hydrophobic Porous Nanocapsules,False,none,md,True,high,
https://openalex.org/W7204206512,https://doi.org/10.1002/bab.70204,2026,Ionic Liquid Toxicity in Biotechnological Yeasts: Experimental Assessment and Molecular Docking Insights,False,none,docking,True,high,
https://openalex.org/W2068467820,https://doi.org/10.1371/journal.pone.0026638,2011,An Alignment-Free Approach for Eukaryotic ITS2 Annotation and Phylogenetic Inference,False,nucleic_acid,ml,True,high,
https://openalex.org/W7151030051,https://doi.org/10.1021/acssuschemeng.5c13894,2026,Tailoring the Properties of Ethyl Cellulose Membranes Using Hydrophobic Deep Eutectic Solvents,True,cellulose,solubility,True,high,
https://openalex.org/W7116418315,https://doi.org/10.1016/j.reactfunctpolym.2025.106616,2025,Composites based on porphyran as an adsorbent for environmentally friendly water treatment,,,,,low,
https://openalex.org/W2108728379,https://doi.org/10.1002/bip.21293,2009,"Computational investigation of the conformational profile of the four stereomers of Ac‐L‐Pro‐c3Phe‐NHMe (c3Phe= 2,3‐methanophenylalanine)",False,protein,md,False,high,
https://openalex.org/W7131625429,https://doi.org/10.64898/2026.02.25.707885,2026,Exploring Conformational Transitions of RNA Dimers via Machine Learning Potentials,False,nucleic_acid,ml,False,high,
https://openalex.org/W2064698882,https://doi.org/10.1002/masy.200950932,2009,Polymer Chain Collapse in Supercritical Fluids. 2. Experimental Evidence,True,other,md,True,medium,
https://openalex.org/W2084899572,https://doi.org/10.1016/j.jtbi.2010.12.019,2010,Non-linear models based on simple topological indices to identify RNase III protein members,False,protein,ml,False,high,
https://openalex.org/W3186887266,,2006,Molecular dynamics studies of protein-fragment models encapsulated into carbon nanotubes,False,protein,md,False,high,
https://openalex.org/W4394876827,https://doi.org/10.3390/scipharm92020021,2024,"Design, Synthesis and Antimicrobial Potential of Conjugated Metallopeptides Targeting DNA",False,nucleic_acid,md,True,medium,
https://openalex.org/W4409919904,https://doi.org/10.1021/acsptsci.4c00747,2025,Efficient Small-Molecule Reversal Agents for Anticoagulant Fondaparinux,False,none,md,True,high,
https://openalex.org/W7203632886,https://doi.org/10.1021/acs.jctc.6c01213,2026,Exploring Conformational Transitions of Adenine RNA Dimer via Machine Learning Potentials,False,nucleic_acid,ml,False,high,
https://openalex.org/W7143424842,https://doi.org/10.35429/jti.2026.13.31.3.1.8,2026,Evaluation of mechanical properties of starch-gelatin-sargassum polymers based on neural networks,True,starch,ml,True,high,
https://openalex.org/W4415355076,https://doi.org/10.1016/j.ijbiomac.2025.148424,2025,Sustainable synthesis and characterization of inulin/fructans-based polyurethane hydrogels using deep eutectic solvents for drug delivery systems,True,other_polysaccharide,qc,True,high,
https://openalex.org/W7131404456,https://doi.org/10.5281/zenodo.18714738,2026,"Datasets for ""Exploring Conformational Transitions of RNA Dimers via Machine Learning Potentials""",False,nucleic_acid,ml,False,high,
https://openalex.org/W4398131048,https://doi.org/10.24857/rgsa.v18n3-112,2024,Current Perspectives on the Development of Food Packaging in Local Agri-Food Systems: an Integrative Review,,,,,low,
https://openalex.org/W4233821153,https://doi.org/10.1007/978-3-319-44680-6_87,2020,Multiscale Modeling of Lignocellulosic Biomass,,,,,low,
https://openalex.org/W2901412468,https://doi.org/10.1007/978-3-319-50257-1_87-1,2018,Multiscale Modeling of Lignocellulosic Biomass,,,,,low,
https://openalex.org/W4405292966,https://doi.org/10.26434/chemrxiv-2024-ptsbg,2024,EFGs: A Complete and Accurate Implementation of Ertl’s Functional Group Detection Algorithm in RDKit,False,none,other_computational,False,high,
https://openalex.org/W4412044452,https://doi.org/10.1016/j.ijbiomac.2025.145738,2025,Combining experimental and molecular computational approaches for enhanced removal of organic and inorganic pollutants via diafiltration using chitosan with permanent cationic charges,True,chitosan,qc,True,high,
https://openalex.org/W7131438650,https://doi.org/10.5281/zenodo.18714737,2026,"Datasets for ""Exploring Conformational Transitions of Adenine RNA Dimer via Machine Learning Potentials""",False,nucleic_acid,ml,False,high,
https://openalex.org/W7165902344,https://doi.org/10.5281/zenodo.20838383,2026,"Datasets for ""Exploring Conformational Transitions of Adenine RNA Dimer via Machine Learning Potentials""",False,nucleic_acid,ml,False,high,
https://openalex.org/W4414883529,https://doi.org/10.1007/s00253-025-13605-z,2025,Revealing the essential role of the lid in mclPHA intracellular depolymerase from Pseudomonas putida KT2440,True,pha,md,True,high,
https://openalex.org/W7151846758,https://doi.org/10.1039/d5an01256b,2026,Advances in single-molecule junctions for the detection of hazardous pollutants,False,none,none,False,low,
https://openalex.org/W2324774317,https://doi.org/10.12974/2309-6136.2014.02.01.3,2014,A Review in Innovation in Ocular Prostheses and Visual Implants: New Biomaterials and Neuro-Implants is the Challenge for the Visual Care,True,other_polysaccharide,none,False,medium,
https://openalex.org/W4406682735,https://doi.org/10.1016/j.ijbiomac.2025.140136,2025,"Interaction of normelinonine F and related N-methyl-β-carbolines derivatives with bovine serum albumin. Spectroscopic profiles, multivariate analysis and theoretical calculations",False,none,docking,True,high,
https://openalex.org/W7203596196,https://doi.org/10.1016/j.nxcen.2026.100100,2026,Molecular dynamics insights into the tensile behavior of CNT-reinforced PLA and PGA nanocomposites,True,pla,md,False,high,
https://openalex.org/W7133328444,https://doi.org/10.3390/polysaccharides7010026,2026,"Effects of Starch on the Improvement of Mechanical, Thermal, and Water-Solubility Properties of Films Developed with Gelatin/Starch/Procyanidins Blends",True,starch,docking,True,high,
https://openalex.org/W4411765415,https://doi.org/10.1002/ajoc.202500475,2025,Synthesis of Crosslinked Biopolyesters Catalyzed by Natural Amino Acids,True,other,qc,True,high,
https://openalex.org/W4294982640,https://doi.org/10.56845/rebs.v3i1.36,2021,Molecular interaction between ionic liquids with lignin dimers,True,lignin,md,False,high,
https://openalex.org/W4411403750,https://doi.org/10.20944/preprints202506.1487.v1,2025,The “Colors” of Moringa: Biotechnological Approaches,True,other,ml,False,low,
https://openalex.org/W4396835684,https://doi.org/10.1021/acs.jpcb.3c08271,2024,Folding Kinetics and Volume Variation of the β-Hairpin Peptide Chignolin upon Ultrafast pH-Jumps,False,protein,md,True,high,
https://openalex.org/W3193101527,https://doi.org/10.1063/5.0056748,2021,Markov state models from hierarchical density-based assignment,False,protein,md,False,high,
https://openalex.org/W4409491040,https://doi.org/10.1590/1809-4430-eng.agric.v45nespe120240176/2025,2025,ARTIFICIAL NEURAL NETWORKS FOR PREDICTING SUGARCANE STALK AND TOTAL BIOMASS YIELD BASED ON MICRONUTRIENT RATES APPLIED IN THE PLANTING FURROW AND TO THE LEAVES,False,none,ml,True,high,
https://openalex.org/W7155700802,https://doi.org/10.64898/2026.04.24.720730,2026,Hybrid genome-scale modeling and machine learning reveal cost-efficient strategies for phototrophic PHB production in Rhodopseudomonas palustris,True,pha,ml,False,high,
https://openalex.org/W4413095758,https://doi.org/10.3390/plants14152338,2025,The “Colors” of Moringa: Biotechnological Approaches,True,other,ml,False,low,
https://openalex.org/W7151959293,https://doi.org/10.1016/j.fbio.2026.108871,2026,From organic wastes to value: yeast-based bioconversion of waste-derived feedstocks into valuable compounds,False,none,none,False,low,
https://openalex.org/W4393481422,https://doi.org/10.5281/zenodo.8246661,2022,"Supplementary material – Sedimentary organic matter accumulation provinces in the Santos Basin, SW Atlantic: insights from multiple bulk proxies and machine learning analysis",,,,,low,
https://openalex.org/W4393522790,https://doi.org/10.5281/zenodo.7058699,2022,"Supplementary material – Sedimentary organic matter accumulation provinces in the Santos Basin, SW Atlantic: insights from multiple bulk proxies and machine learning analysis",,,,,low,
https://openalex.org/W4393771280,https://doi.org/10.5281/zenodo.7058700,2022,"Supplementary material – Sedimentary organic matter accumulation provinces in the Santos Basin, SW Atlantic: insights from multiple bulk proxies and machine learning analysis",,,,,low,
https://openalex.org/W7164761207,https://doi.org/10.1016/j.biortech.2026.135166,2026,Hybrid genome‑scale metabolic modeling and machine learning reveal cost‑efficient strategies for phototrophic polyhydroxybutyrate production in Rhodopseudomonas palustris,True,pha,ml,False,high,
https://openalex.org/W4406041934,https://doi.org/10.3389/fchem.2024.1538944,2025,Editorial: Advances in bioactive peptides and functional properties of foods,False,none,docking,True,low,
https://openalex.org/W7166290883,https://doi.org/10.1016/j.ifset.2026.104687,2026,Self-pressurized Rapid Visco Analyzer-integrated machine learning for predicting high-moisture extrusion responses and texture of plant protein-starch blends,True,protein,ml,True,high,
https://openalex.org/W4402770751,https://doi.org/10.1007/s40858-024-00676-y,2024,Identification of the causal agent of Guar leaf blight and development of a semi-automated method to quantify disease severity,,,,,low,
https://openalex.org/W7129262770,https://doi.org/10.1021/acspolymersau.5c00162,2026,Designing Water-Soluble Macromolecules for Biomedical Use: PEG Chains versus Amino Acids─A Case Study in MRI Contrast Agents,False,other,md,True,medium,
https://openalex.org/W4415115570,https://doi.org/10.1007/978-3-032-00403-1_6,2025,"Genetic Improvement of Sugarcane (Saccharum spp.) for Sugar, Fibre and Biomass Energy Through Breeding and Biotechnology",,,,,low,
https://openalex.org/W7160529049,https://doi.org/10.3390/jcs10050252,2026,"DFT Analysis of Frontier Orbitals (HOMO-LUMO) of Polylactic Acid Functionalized with N-Hydroxysuccinimide and N-Sulfosuccinimide for the Adsorption of the Heavy Metals Nickel, Arsenic, and Lead",True,pla,qc,False,high,
https://openalex.org/W7129033787,https://doi.org/10.3389/fddsv.2026.1780834,2026,Revisiting the grand challenges: the road travelled and ahead at the frontiers of computer-aided drug design,,,,,low,
https://openalex.org/W2039014982,https://doi.org/10.1007/s13238-013-0015-y,2014,Direct reprogramming of porcine fibroblasts to neural progenitor cells,False,none,none,True,high,
https://openalex.org/W2145064110,https://doi.org/10.1074/jbc.274.19.13292,1999,Site-directed Mutagenesis of Cytochromec 6 from Synechocystissp. PCC 6803,False,protein,other_computational,True,high,
https://openalex.org/W4414184421,https://doi.org/10.28978/nesciences.1744921,2025,Improving Environmental Awareness Through Algorithm-Guided Experiments on Biodegradable Materials and Soil Health,True,other,ml,True,high,
https://openalex.org/W4393590268,https://doi.org/10.5281/zenodo.8382584,2023,rbLEC - restricted backbone Local Euler Characteristic - from CATH database,False,protein,other_computational,False,high,
https://openalex.org/W7213319951,https://doi.org/10.1021/acsami.6c09388,2026,Polyol-Mediated Suppression of Paddlewheel Hydrolysis Enables Biomimetic Mineralization of Unstable Metal–Organic Frameworks,False,none,qc,True,high,
https://openalex.org/W7166846185,https://doi.org/10.1021/acsami.6c08153,2026,The Evolving Landscape of Terahertz Biosensing: From Sensitivity to Precision,False,none,ml,False,medium,
https://openalex.org/W4403285429,https://doi.org/10.1016/j.jphotochem.2024.116082,2024,Exploring nitro-Tröger’s bases for ct-DNA and HSA sensing: An experimental and theoretical study,,,,,low,
https://openalex.org/W4391641976,https://doi.org/10.1016/j.bpj.2023.11.1014,2024,Computational study of amyloid fibrils on interaction with TiO2-based nanotubes and nanosheets,,,,,low,
https://openalex.org/W7203607130,https://doi.org/10.1021/acsomega.6c05701,2026,From Seaweed to Corrosion Inhibitor: A Multi-Method Validation of λ-Carrageenan as a Non-Toxic Inhibitor under Acidic Hydrodynamic Conditions,True,other_polysaccharide,md,True,high,
https://openalex.org/W7105889413,https://doi.org/10.5281/zenodo.15637149,2025,"""Supporting Data for 'Computational Insights into Nanoscale Modulation of TSH Receptor Interactions with Endocrine Disruptors (BDE-PFOS): Synergistic Effects of Carbon Nanotubes and Biocompatible Polymers'",False,other,md,False,medium,
https://openalex.org/W4417534308,https://doi.org/10.1080/10426507.2025.2603998,2025,"Photophysical and biomolecule-binding features of bis-arylselanyl-benzo-2,1,3-selenadiazoles by simultaneous techniques and theoretical insights",False,none,qc,True,high,
https://openalex.org/W3203929808,https://doi.org/10.26434/chemrxiv.14528664.v2,2021,Stability and Optical Absorption of a Comprehensive Virtual Library of Minimal Eumelanin Oligomer Models,True,other,qc,False,high,
https://openalex.org/W4250568437,https://doi.org/10.26434/chemrxiv.14528664,2021,Stability and Optical Absorption of a Comprehensive Virtual Library of Minimal Eumelanin Oligomer Models,True,other,qc,False,high,
https://openalex.org/W3161962837,https://doi.org/10.26434/chemrxiv.14528664.v1,2021,"Structure, Stability and Optical Absorption of a Comprehensive Li-Brary of Minimal Eumelanin Oligomer Models",True,other,qc,False,high,
https://openalex.org/W7203940434,https://doi.org/10.1007/978-3-319-48281-1_204-1,2026,Industry 4.0 and Eco-materials: Opportunities and Challenges,,,,,low,
https://openalex.org/W2586539288,,2009,Transport of single molecules through nanochannels: A novel approach to DNA sequencing,False,nucleic_acid,md,True,medium,
https://openalex.org/W7154506214,https://doi.org/10.1016/j.surfin.2026.109287,2026,Energetic balance governing the adsorption of pharmaceutical molecules on nanoplastics interfaces in water,,,,,low,
https://openalex.org/W3126228732,https://doi.org/10.21826/viiiseedmol2020174,2020,Implementação dos parâmetros da quitosana no campo de força OPLS-AA para simulações da quitosana por dinâmica molecular,True,chitosan,md,False,high,
https://openalex.org/W4410986950,https://doi.org/10.1109/educon62633.2025.11016457,2025,Comparative Analysis of Two Implementations of Global Shared Learning in Biotechnology Engineering: Teacher Preparation and AI Integration for Future Classrooms,False,none,none,False,high,
https://openalex.org/W7160288505,https://doi.org/10.63074/26973308.v9i1.80,2026,Uso de cáscaras de gamba y fibra de coco para mejorar la durabilidad del hormigón mediante técnicas de inteligencia artificial,True,chitosan,ml,False,medium,
https://openalex.org/W7140284591,https://doi.org/10.21203/rs.3.rs-9054221/v1,2026,Chitosan-Guided Directed In Situ Formation of Zinc- and/or Manganese-Based Phosphate Nanostructures,True,chitosan,docking,True,high,
https://openalex.org/W7140982131,https://doi.org/10.1038/s41467-026-71224-2,2026,"Conformational gating mechanism for processive catalysis of β(1,3)-glucans",False,other_polysaccharide,md,False,high,
https://openalex.org/W7166697865,https://doi.org/10.1016/j.fuel.2026.140268,2026,A review of the lignin conversion in thermochemical biorefining,,,,,low,
https://openalex.org/W7162767416,https://doi.org/10.3390/molecules31111871,2026,Comparative Adsorption of Phenol and p-Chlorophenol on a Chitosan–Cellobiose Dimer in an Aqueous Medium: A DFT Study of Hydrogen Bonding and Noncovalent Interactions,True,chitosan,qc,False,high,
https://openalex.org/W7153602557,https://doi.org/10.9734/psij/2026/v30i2938,2026,Thermodynamic and Kinetic Elucidation of the Biogenic Capping Mechanism: Evidence of Ordered Self-assembly in Gongronema latifolium-Silver Nanoparticles,False,none,qc,True,medium,
https://openalex.org/W4411135177,https://doi.org/10.2139/ssrn.5286607,2025,Functional Specialization and Enzymatic Mechanisms of Poly(3-Hydroxybutyrate-Co-3-Hydroxyhexanoate) (Phbh) Degradation in Anaerobic Digesters: Insights from Shotgun Metagenomics and Molecular Modeling,,,,,low,
https://openalex.org/W7164235539,,2026,Multi-Scale Feature Attention Network for Polymer Classification Using Terahertz Spectroscopy,True,other,ml,True,medium,
https://openalex.org/W4230790694,https://doi.org/10.1002/1097-0282(200108)59:2<110::aid-bip1010>3.3.co;2-j,2001,"Solution NMR structure of a D,L‐alternating oligonorleucine as a model of β‐helix",False,protein,md,True,high,
https://openalex.org/W4417452407,https://doi.org/10.3390/materproc2025027002,2025,Bibliometric Trends in Green Nano Microbiology for Advanced Materials in Water Purification: A Sustainable Approach,True,cellulose,none,False,medium,
https://openalex.org/W4416399501,https://doi.org/10.1016/j.biteb.2025.102424,2025,Functional specialization and enzymatic mechanisms of poly(3-hydroxybutyrate-co-3-hydroxyhexanoate) (PHBH) degradation in anaerobic digesters: Insights from shotgun metagenomics and molecular modeling,True,pha,docking,True,high,
https://openalex.org/W7162392162,https://doi.org/10.21203/rs.3.rs-9801909/v1,2026,"Edible clay minerals and related layered materials for loading and delivery of food bioactives: interaction mechanisms, applications, and safety—A mixed systematic–narrative review",False,none,md,False,high,
https://openalex.org/W2318409749,https://doi.org/10.1021/jp511519w,2015,Tribute to William L. Jorgensen,False,none,md,False,high,
https://openalex.org/W4390869463,https://doi.org/10.2139/ssrn.4672370,2024,Design and Synthesis of Conjugated Metallopeptides as an Alternative to Address Bacterial Resistance,,,,,low,
https://openalex.org/W4412834483,https://doi.org/10.1007/978-1-0716-4722-6_10,2025,Integration of Experimental and Computational Methods to Characterize Glycoproteins,False,other_polysaccharide,md,True,high,
https://openalex.org/W7167096163,https://doi.org/10.1016/j.fpsl.2026.101807,2026,"Nanocellulose for sustainable food packaging: Progress, challenges, and future directions",,,,,low,
https://openalex.org/W7117414571,https://doi.org/10.33545/27076636.2024.v5.i1a.143,2024,Development of a data driven database framework to monitor and standardize fungal chitosan fermentation using agro industrial waste inputs,True,chitosan,ml,False,high,
https://openalex.org/W7202281006,https://doi.org/10.1007/978-981-92-2875-1_8,2026,Bibliometric Analysis: Mechanistic Analysis of the Source Microbiota for Bioelectricity Generation in Microbial Fuel Cells,,,,,low,
https://openalex.org/W4389070743,https://doi.org/10.1101/2023.11.27.568841,2023,Discovering Secondary Protein Structures via Local Euler Curvature,False,protein,ml,False,high,
https://openalex.org/W4399673039,https://doi.org/10.3390/catal14060379,2024,Selection of Putative Polyester Hydrolases from the Metagenome of Los Humeros Geothermal Field by Means of In Silico Probes,True,other,docking,True,medium,
https://openalex.org/W4411311973,https://doi.org/10.2139/ssrn.5293724,2025,Sustainable Synthesis and Characterization of Polysaccharide-Based Polyurethane Hydrogels Using Deep Eutectic Solvents: A Catalyst- and Toxic Solvent-Free Approach for Bioapplications,,,,,low,
https://openalex.org/W3160515315,https://doi.org/10.1101/2021.05.13.444064,2021,Markov state models from hierarchical density-based assignment,False,protein,md,False,high,
https://openalex.org/W7123357129,https://doi.org/10.1007/s10924-026-03771-0,2026,Sustainable Polymer Composites for Smart Grids: Optimizing Environmental Footprint and Energy Efficiency,,,,,low,
https://openalex.org/W7172385108,https://doi.org/10.1515/corrrev-2026-0005,2026,"Green corrosion inhibitors beyond efficiency: evidence convergence, mechanistic validation and industrial qualification",False,none,none,False,low,
https://openalex.org/W7158105631,https://doi.org/10.1021/jacs.6c04848,2026,Probing Weak Halogen Bonding in Aqueous Solution,False,none,qc,True,high,
https://openalex.org/W2332450706,https://doi.org/10.1109/asdam.2014.6998690,2014,The characterization and use of nanostructured films in sensing applications,True,other,md,True,medium,
https://openalex.org/W3124214217,https://doi.org/10.21826/viiiseedmol2020164,2020,Potential Mean Force for Chitosan and Glyphosate,True,chitosan,md,False,high,
https://openalex.org/W7167572434,https://doi.org/10.1002/pen.70687,2026,Decoupling Formulation and Processing Effects in Thermoplastic Starch Through a Data‐Driven Structure–Property Framework,True,starch,ml,True,high,
https://openalex.org/W7213560855,https://doi.org/10.26434/chemrxiv.15009029/v1,2026,"IntegroPectin in aqueous solution: a multi-scale computational investigation of solvation, conformational dynamics, and thermodynamic partitioning of a naringeningalacturonic acid–rhamnose glycoconjugate",True,pectin,md,False,high,
https://openalex.org/W7118129370,https://doi.org/10.1007/s10924-025-03722-1,2026,Chitosan Eco-Friendly Approach to Oil Spill Cleanup: A Combined 2D TD-NMR Relaxation and Computational Modeling Study,,,,,low,
https://openalex.org/W7208714088,https://doi.org/10.3390/molecules31173098,2026,"Multifunctional Nanomaterials for Precision Diagnostics and Drug Delivery: AI-Assisted Biosensing, Barrier-Directed Transport, Stimuli-Responsive Release, and Theranostic Integration",True,other,ml,False,medium,
https://openalex.org/W7130649690,https://doi.org/10.1016/b978-0-443-26733-8.00012-0,2026,Recent advancements in nanocellulose surface engineering for tailoring functionality,,,,,low,
https://openalex.org/W7162811089,https://doi.org/10.1016/j.compbiolchem.2026.109135,2026,Coordination-driven structural modulation of ligand confinement and biological response in calcium–alginate networks: A multiscale computational–experimental study,True,alginate,md,True,high,
https://openalex.org/W7170883238,https://doi.org/10.5281/zenodo.21533267,2026,Computational framework for integrated biorefinery simulation (BPC),True,pha,other_computational,False,medium,
https://openalex.org/W7170968712,https://doi.org/10.5281/zenodo.21533266,2026,Computational framework for integrated biorefinery simulation (BPC),True,pha,other_computational,False,medium,
https://openalex.org/W4417121593,https://doi.org/10.1021/acsapm.5c03228,2025,pH-Drive on the Design and Properties of Legume Protein-Based Films,True,protein,none,True,high,
https://openalex.org/W7164028497,https://doi.org/10.1016/j.carpta.2026.101182,2026,Prediction of stress overshoot in thixotropic xanthan gum 4 wt.%/hydroxyethyl cellulose 4 wt.% blends: Integrating rheological characterization and restart-flow modeling,True,other_polysaccharide,ml,True,high,
https://openalex.org/W7204200889,https://doi.org/10.1016/j.biopha.2026.119869,2026,"Radiolabeled drug-delivery and controlled-release nanocarriers for arthritis: Clinical evidence, kinetic modeling, radiation-safety challenges, and precision nanotheranostics",False,none,none,False,high,
https://openalex.org/W4388939514,https://doi.org/10.3389/fmolb.2023.1326680,2023,Editorial: “Investigations into the use of organic and inorganic compounds as chemotherapeutic agents’’,False,none,docking,True,high,
https://openalex.org/W2246050046,,2013,An alignment-free approach for eukaryotic ITS2 annotation and phylogenetic inference,False,nucleic_acid,ml,True,high,
https://openalex.org/W4402286109,https://doi.org/10.3389/fenve.2024.1475091,2024,Editorial: Insights in environmental engineering,True,chitosan,none,True,medium,
https://openalex.org/W7166882460,https://doi.org/10.64917/ircee.v13.i03.a04,2026,"UHF RFID Sensing and Localization Architectures for Internet of Things Driven Food Safety, Retail Intelligence, and Intelligent Transportation Systems",False,none,ml,False,medium,
https://openalex.org/W7124721202,https://doi.org/10.3389/finmi.2025.1757656,2026,Are we misreading microbial value? Reframing industrial relevance through regenerative systems thinking,,,,,low,
https://openalex.org/W4393898557,https://doi.org/10.5281/zenodo.8382583,2023,rbLEC - restricted backbone Local Euler Characteristic - from CATH database,False,protein,other_computational,False,high,
https://openalex.org/W4404520593,https://doi.org/10.70673/rcecrfba.v3i1.48,2024,PRIORIZAÇÃO IN SILICO DE MOLÉCULAS COM AÇÃO SOBRE M. tuberculosis PANTOTENATO SINTETASE,False,none,docking,False,high,
https://openalex.org/W4404520317,https://doi.org/10.70673/rcecrfba.v3i1.53,2024,IDENTIFICAÇÃO DE NOVOS CANDIDATOS A FÁRMACOS ANTICÂNCER INIBIDORES DA PROTEÍNA QUINASE B ATRAVÉS DE MÉTODOS IN SILICO,False,none,docking,False,high,
